sku,title,pdf,image,type
Article_of_faith_wordstrips_1_13,Article of Faith Wordstrips 1&hyphen;13,Article_of_faith_wordstrips_1_13.pdf,articles word strips cover.jpg,Color
bw_founding_fathers,Oh Beautiful for Heroes Proved&comma; Our Founding Fathers,founding_fathers_bw.pdf,enclosed_founding_fathers_bw.jpg,Color
color_advent_calendar,Advent Calendar,advent_calendar_color.pdf,enclosed_advent_color.jpg,Color
color_alma_the_younger,Alma the Younger,alma_color.pdf,enclosed_alma_color.jpg,Color
color_ammon,Ammon,ammon_color.pdf,enclosed_ammon_color.jpg,Color
color_aof_01,Article of Faith 1,aof_1_color_0.pdf,enclosed_1_color.jpg,Color
color_aof_02,Article of Faith 2,aof_2_color_0.pdf,enclosed_2_color.jpg,Color
color_aof_03,Article of Faith 3,aof_3_color_0.pdf,enclosed_3_color.jpg,Color
color_aof_04,Article of Faith 4,aof_4_color_1.pdf,enclosed_4_color.jpg,Color
color_aof_05,Article of Faith 5,aof_5_color_0.pdf,enclosed_5th_color.jpg,Color
color_aof_06,Article of Faith 6,aof_6_color_0.pdf,enclosed_6th_color.jpg,Color
color_aof_07,Article of Faith 7,aof_7_color_0.pdf,enclosed_7th_color.jpg,Color
color_aof_08-09,Article of Faith 8 and 9,aof_89_color.pdf,enclosed_8-9_color.jpg,Color
color_aof_10,Article of Faith 10,aof_10_color_0.pdf,enclosed_10_color.jpg,Color
color_aof_11,Article of Faith 11,aof_11_color_0.pdf,enclosed_11th_color.jpg,Color
color_aof_12,Article of Faith 12,aof_12_color_1.pdf,enclosed_12th_color.jpg,Color
color_aof_13,Article of Faith 13,aof_13_color_1.pdf,enclosed_13th_color.jpg,Color
color_armor_of_god,Putting on the Whole Armor of God,armor_of_god_color.pdf,enclosed_armor_color.jpg,Color
color_bad_words,I will not say bad words,bad_words_color.pdf,enclosed_bad_words_color.jpg,Color
color_baptism,Baptism,baptism_color_1.pdf,enclosed_baptism_color.jpg,Color
color_being_thankful,Being Thankful,being_thankful_color.pdf,enclosed_being_thankful_color.jpg,Color
color_body_is_temple,My Body is a Temple (Contains additional Sharing Time pages),My_body_is_a_temple_color_st.pdf,enclosed_body_is_temple_color.jpg,Color
color_brigham_young,Brigham Young,brigham_young_color.pdf,enclosed_brigham_color.jpg,Color
color_brother_of_jared,The Brother of Jared,brother_of_jared_color.pdf,enclosed_brother color.jpg,Color
color_brothers_and_sisters,Brothers and Sisters,brothers_and_sisters_color.pdf,enclosed_brothersister_color.jpg,Color
color_brothers_and_sisters,Brothers and Sisters,brothers_and_sisters_color_0.pdf,enclosed_brothersister_color.jpg,Color
color_brothers_keeper,Our Brother&apos;s Keeper,brothers_keeper_color.pdf,enclosed_ourbrothers_color.jpg,Color
color_carson,Carson&comma; the Car with a Complex,carson_color.pdf,enclosed_carson_color.jpg,Color
color_cheaters,Cheaters Never Win,cheaters_color.pdf,enclosed_cheater_color.jpg,Color
color_child_of_god,I am a Child of God,child_of_god_color.pdf,enclosed_child_of_god_color.jpg,Color
color_children_of_israel,Children of Israel and Moses,children_of_israel_color.pdf,enclosed_childrenisrael_color.jpg,Color
color_chores,Learning Obedience through Chores,chores_color.pdf,enclosed_chores_color.jpg,Color
color_christ_centered_christmas,Christ Centered Christmas,Christ_centered_color_2015.pdf,enclosed_christcentered_color.jpg,Color
color_colorado_jones,Colorado Jones and the &quot;Choose Wisely&quot; Crusade,colorado_jones_color.pdf,enclosed_colorado_jones_color.jpg,Color
color_conf_lingo_bingo,Conference Lingo Bingo,conference_lingo_bingo_color.pdf,enclosed_bingo_lingo_color.jpg,Color
color_courage,Courage &hyphen; A Valuable Lesson From Captain Moroni,courage_color.pdf,enclosed_courage_color_0.jpg,Color
color_creation,Creation,creation_color.pdf,enclosed_creations_color.jpg,Color
color_ctr,Choose the Right,ctr_color.pdf,enclosed_choose_the_right_color.jpg,Color
color_daniel_lions_den,Daniel and the Lion&apos;s Den,daniel_color.pdf,enclosed_daniel_lions_den_color.jpg,Color
color_david_and_goliath,David and Goliath,david_color.pdf,enclosed_david_and_goliath_color.jpg,Color
color_david_o_mckay,David O. McKay,david_o_mckay_color.pdf,enclosed_davidomckay_color.jpg,Color
color_easter,The True Meaning of Easter,easter_color.pdf,enclosed_easter_color.jpg,Color
color_easter_large,The True Meaning of Easter,easter_color_large.pdf,lg_graphic_easter_enclosed.jpg,Color Large Graphics
color_enos,Enos&comma; Humble&comma; Faithful Prophet,enos_color.pdf,enclosed_enos_color.jpg,Color
color_ezra_taft_benson,Ezra Taft Benson,ezra_taft_benson_color.pdf,enclosed_ezra_taft_benson_color.jpg,Color
color_faith,Faith is Like a Little Seed,faith_color.pdf,enclosed_faith_colored.jpg,Color
color_fasting,Fasting,fasting_color.pdf,enclosed_fasting_color.jpg,Color
color_feel_my_saviors_love,I Feel My Savior&apos;s Love,saviors_love_color.pdf,enclosed_I_feel_color_1.jpg,Color
color_first_vision,First Vision,first_vision_color.pdf,enclosed_first_vision_color.jpg,Color
color_fishers_of_men_game,Fishers of Men Fish Game,fishers_of_men_color.pdf,enclosed_fishers_of_men.jpg,Color
color_forever_brothers,Forever Brothers &hyphen; Hyrum and Joseph,forever_brothers_color.pdf,enclosed_forever_color_1.jpg,Color
color_founding_fathers,Oh Beautiful for Heroes Proved&comma; Our Founding Fathers,founding_fathers_color.pdf,enclosed_founding_fathers_color.jpg,Color
color_george_albert_smith,George Albert Smith,george_albert_smith_color.pdf,enclosed_george_albert_smith_color.jpg,Color
color_george_washington,George Washington,george_washington_color.pdf,enclosed_washington_color.jpg,Color
color_goalie,The Goalie from Tugget Gap &hyphen; Setting Goals,goalie_color.pdf,enclosed_goalie_color.jpg,Color
color_going_to_the_temple,I am Going to the Temple Some Day,going_to_temple_color.pdf,enclosed_going_to_the_temple_color.jpg,Color
color_going_to_the_temple_large,I am Going to the Temple Some Day,going_to_temple_color_large.pdf,large_graphic_temple.jpg,Color Large Graphics
color_good_helper,I can be a Good Helper,Good_helper_color3_0.pdf,helper_color_2.jpg,Color
color_good_sport,Being a Good Sport,being_good_sport_color.pdf,enclosed_being_a_good_sport_color.jpg,Color
color_gordon_b_hinckley,Gordon B. Hinckley,gordon_b_hinckley_color.pdf,enclosed_hinkley_color.jpg,Color
color_halloween_safety,Safety Sam&apos;s Halloween Safety,halloween_safety_color_0.pdf,enclosed_halloween_color.jpg,Color
color_harold_b_lee,Harold B. Lee,harold_b_lee_color.pdf,enclosed_hbl_color.jpg,Color
color_harry_hippo,Harry the Unhealthy Hippo,harry_hippo_color.pdf,enclosed_harry_color.jpg,Color
color_heber_j_grant,Heber J. Grant,heber_j_grant_color_0.pdf,enclosed_heber_j_grant_color.resized.jpg,Color
color_helaman,Helaman and the Stripling Warriors,helaman_color.pdf,enclosed_helaman_color.jpg,Color
color_howard_w_hunter,Howard W. Hunter,howard_w_hunter_color.pdf,enclosed_hunter_color.jpg,Color
color_itsnifty,It&apos;s Nifty to be Thrifty,its_nifty_color.pdf,enclosed_thrifty_color.jpg,Color
color_john_taylor,John Taylor&comma; &quot;Champion of Liberty&quot;,john_taylor_color.pdf,enclosed_john_taylor_color.jpg,Color
color_jonah,Jonah and the Whale,jonah_and_the_whale_color.pdf,enclosed_jonah_color.jpg,Color
color_jonah,Jonah and the Whale,jonah_and_the_whale_color_0.pdf,enclosed_jonah_color.jpg,Color
color_joseph_f_smith,Joseph F. Smith&comma; &quot;Father&comma; Grandfather and Prophet&quot;,joseph_f_smith_color_new.pdf,enclosed_joseph_f_smith_color.jpg,Color
color_joseph_fielding_smith,Joseph Fielding Smith,joseph_fielding_smith_color.pdf,enclosed fielding color_0.jpg,Color
color_joseph_smith,Joseph Smith&comma; the Prophet,joseph_smith_color.pdf,enclosed_joseph_smith_color.jpg,Color
color_judge_not,Judge Not,judge_not_color.pdf,enclosed_judge_not_color.jpg,Color
color_kindness,Kindness,kindness_color.pdf,enclosed_kindness_color.jpg,Color
color_king_benjamin,King Benjamin,king_benjamin_color.pdf,enclosed_king_benjamin_color.jpg,Color
color_king_benjamin_large,King Benjamin,king_benjamin_color_large_0.pdf,enclosed_color_large_king_benjamin.jpg,Color Large Graphics
color_large_helaman,Helaman,helaman_color_large.pdf,large_enclosed_helaman.resized.jpg,Color Large Graphics
color_lehi_dream,Lehi&apos;s Dream&comma; the Tree of Life,lehi_dream_color.pdf,enclosed_lehi_color.jpg,Color
color_liahona,Liahona,liahona_color.pdf,enclosed_liahona_color.jpg,Color
color_lorenzo_snow,Lorenzo Snow,lorenzo_snow_color.pdf,enclosed_lorenzo_snow_color.jpg,Color
color_love_one_another,Love One Another,love_one_another_color.pdf,enclosed_love_one_another_color.jpg,Color
color_lucy_learns_to_listen,Lucy Learns to Listen,lucy_learns_to_listen_color.pdf,enclosed_lucy_color.jpg,Color
color_manners,Being Respectful and Mannerly,manners_color.pdf,enclosed_manners_color.jpg,Color
color_mary_and_joseph,Mary and Joseph,mary_and_joseph_color.pdf,enclosed_mary_and_joseph_color.jpg,Color
color_masters_touch,Master&apos;s Touch,masters_touch_color.pdf,enclosed_masters_color.jpg,Color
color_minding,Minding Mom and Dad,minding_mom_and_dad_color.pdf,enclosed_minding_color.jpg,Color
color_mini_alma_amulek,Alma&comma; Amulek and the Zoramites Mini Pac,alma_amulek_zoramites_color_FHE.pdf,enclosed alma amulek color.jpg,Color
color_miracles_of_jesus,Miracles of Jesus,miracles_of_jesus_color.pdf,enclosed_miracles_color.jpg,Color
color_missionaries_members_me,Missionaries&comma; Members and Me,missionaries_members_me_color_1.pdf,enclosed_missionary_color.jpg,Color
color_monson,Thomas S. Monson &comma; a Prophet for the World,pres_monson_color.pdf,enclosed_thomas_s_monson_color.jpg,Color
color_monster_mayhem,Monster Mayhem,monster_mayhem_color.pdf,enclosed_monster_color.resized.jpg,Color
color_moronis_gift,Moroni&apos;s Gift of the Book of Mormon,moronis_gift_color.pdf,enclosed_moroni_color.jpg,Color
color_moses_ten_commandments,Moses and the Ten Commandments (Stealing Never Pays),moses_ten_commandments_color.pdf,enclosed_tencomandments_color_0.jpg,Color
color_music_makes_me_happy,Music Makes Me Happy,music_makes_me_happy_color.pdf,enclosed_music_color_0.jpg,Color
color_noahs_ark,Noah&apos;s Ark,noah_color.pdf,enclosed_noah_color.jpg,Color
color_noahs_ark_large,Noah&apos;s Ark Large Graphics,noah_color_large_0.pdf,enclosed_large_graphic_noah.jpg,Color Large Graphics
color_one_magical_christmas,One Magical Christmas,one_magical_christmas_color.pdf,enclosed_onemagical_color.jpg,Color
color_patriarchal_blessing,Patriarchal Blessing,patriarchal_blessing_color.pdf,enclosed_pat_color.resized.jpg,Color
color_percy,Percy and the Power of Forgiveness,percy_color.pdf,enclosed_percy_color_0.jpg,Color
color_peter,Peter Walks on Water,peter_color.pdf,enclosed_peter_color.jpg,Color
color_pioneer_heroes,Pioneer Heroes,pioneers_color.pdf,enclosed_pioneer_color.jpg,Color
color_plan_of_salvation,Patrick and the Plan of Salvation,plan_of_salvation_color.pdf,enclosed_plan_of_salvation_color.jpg,Color
color_plates_of_brass,Nephi and the Plates of Brass,nephi_plate_of_brass_color.pdf,enclosed_nephi_color.jpg,Color
color_prayer,Prayer,prayer_color_1.pdf,new_enclosed_prayer.jpg,Color
color_priesthood,Priesthood&comma; a Team Effort,priesthood_color.pdf,enclosed_priesthood_color.jpg,Color
color_priesthood_large,Priesthood &hyphen; A Team Effort,priesthood_color_large.pdf,priesthood_color_large.jpg,Color Large Graphics
color_prodigal_son,Prodigal Son,prodigal_son_color.pdf,enclosed_prodigal_colored.jpg,Color
color_proud_to_be_mormon,I am Proud to be a Mormon,proud_to_be_mormon_color.pdf,enclosed_proud_to_be_color.jpg,Color
color_repentance,Repentance&comma; A Gift from the Savior,repentance_color.pdf,enclosed_repentence_color.jpg,Color
color_reverence,Reverence Begins with Me,reverence_color.pdf,enclosed_reverence_color.jpg,Color
color_ruth,Ruth and Naomi,ruth_color.pdf,enclosed_ruth_color_0.jpg,Color
color_sabbath,Keeping the Sabbath Day Holy,sabbath_day_color.pdf,enclosed_sabbath_color.jpg,Color
color_sacrament,The Sacrament,sacrament_color.pdf,enclosed_sacrament_color.jpg,Color
color_sacred_plates,Sacred Plates,sacred_plates_color.pdf,enclosed_sacred_plates_color.jpg,Color
color_samaritan,Good Samaritan,Good_samaritan_1.pdf,enclosed_good_samaritan_color.jpg,Color
color_samuel_the_lamanite,Samuel the Lamanite,samuel_color.pdf,enclosed_samuel_the_lamanite_color.jpg,Color
color_say_sorry,I Can Say I&apos;m Sorry,say_sorry_color.pdf,enclosed_sorry_color.jpg,Color
color_servants,The Serv&hyphen;Ants,servants_color.pdf,enclosed_servants_color.jpg,Color
color_shadrach,Shadrach&comma; Meshach & Abednego&comma; Facing the Bullies on our Lives,shadrach_color.pdf,enclosed_shadrach_color.jpg,Color
color_sharing,I Can show Love by Sharing with Others,sharing_color.pdf,enclosed_sharing_color.jpg,Color
color_snarley_snake,Snarley the Snickedy Snake,snarly_snake_color.pdf,enclosed_snarly_color.jpg,Color
color_spencer_w_kimball,Spencer W. Kimball,spencer_w_kimball_color.pdf,enclosed_spencer_w_kimball_color.jpg,Color
color_still_small_voice,The Still&comma; Small Voice,still_small_voice_color.pdf,enclosed_still_color.jpg,Color
color_stranger_safety,Stranger Safety,stranger_safety_color.pdf,enclosed_stranger_safety_color.resized.jpg,Color
color_superheroes,Super Heroes in Red&comma; Yellow and Blue,superheroes_color.pdf,enclosed_primary_heroes_color_1.jpg,Color
color_tall_tale,Tall Tale of Telling the Truth,tall_tale_color.pdf,enclosed_tall_tale_color.jpg,Color
color_tempers_and_tantrums,Tempers and Tantrums,tempers_and_tantrums_color.pdf,enclosed_tempers_color.jpg,Color
color_thankful_for_daddy,I am Thankful for Daddy,thankful_for_daddy_color.pdf,enclosed_daddy_color.jpg,Color
color_thankful_for_grandparents,I am Thankful for Grandparents,thankful_for_grandparents_color.pdf,enclosed_i_am_thankful_for_grandparents_color.jpg,Color
color_thankful_for_mommy,I am Thankful for Mommy,thankful_for_mommy_color.pdf,enclosed_mother_color.jpg,Color
color_thankful_for_primary,I am Thankful for Primary,thankful_for_primary_color.pdf,enclosed_primary_color_0.jpg,Color
color_thankful_savior,I am Thankful for the Savior,thankful_for_savior_color.pdf,enclosed_thankful_for_savior_color.jpg,Color
color_thanksgiving,Thanksgiving,thanksgiving_color.pdf,enclosed_thanksgiving_color.jpg,Color
color_tithing,Tithing,tithing_color.pdf,enclosed_tithing_color.resized.jpg,Color
color_up_a_tree,Up a Tree with Family History,up_a_tree_color.pdf,enclosed_up_color.jpg,Color
color_what_is_a_family,What is a Family?,what_is_a_family_color.pdf,enclosed_family_color.jpg,Color
color_what_is_testimony,What is a Testimony,what_is_testimony_color_0.pdf,enclosed_testimony_color_0.jpg,Color
color_whine,I will not Whine,whine_color.pdf,enclosed_whine_color.jpg,Color
color_wilford_woodruff,Wilford Woodruff,wilford_woodruff_color.pdf,enclosed_wilford_woodruff_color.jpg,Color
color_work_hard,I Can Work Hard,work_hard_color_0.pdf,aaa enclosed color work hard.jpg,Color
color_wow,Words of Wisdom,wow_color.pdf,enclosed_words_of_wisdom_color.jpg,Color
embark_newbeginnings_2015,Embark to Serv&hyphen;A&hyphen;Lot New Beginnings ,serv-a-lot_packet2014.pdf,Cover sheet correction.jpg,Color
Faith_large_graphic_color,Faith is Like a Seed Large Colored Graphics,Faith_is_like_a_seed_large_color_graphic.pdf,enclosed faith large colored.jpg,Color Large Graphics
Hinckley_way_to_bee_color,The Way To BEE,Six_Bees_president_hinckley_color.pdf,COVER.jpg,Color
large_color_liahona_brokenbow,Large Graphic Color&colon; The Liahona and the Broken Bow.,Large_color_Liahon_brokenbow_0.pdf,enclosed liahona broken bow.jpg,Color Large Graphics
large_miracles_of_Jesus_color,Miracles of Jesus Lg Graphics,Large_Miracles_of_Jesus_color.pdf,enclosed large graphic.jpg,Color
Liahona_broken_large_graphic_color,The Liahona&comma; Broken Bow and Nephi&colon; Large Graphic Color,Large_color_Liahon_brokenbow_1.pdf,enclosed liahona broken bow_0.jpg,Color Large Graphics
