title,file,description
Joseph Smith&#39;s First Prayer,/songs/Joseph_smiths_first_SATB.pdf,SATB
Beauty Everywhere,/songs/Beauty_Everywhere_SATB.pdf,SATB
Dearest Children&#44; God is Near You,/songs/Dearest_children%2Cgod_isnear_you_SATB.pdf,SATB
Jesus&#44; Savior&#44; Pilot Me,/songs/Jesus_savior_pilot_me_1SATB.pdf,SATB
Tell me the Stories of Jesus,/songs/tell_me_the_stories_SATB.pdf,SATB
I Know That My Reedemer Lives,/songs/I_know_that_my_redeemer_choir_satb_.pdf,SATB
Abide with Me,/songs/Abide_with_meSATB_choir.pdf,SATB
We Thank Thee O God For A Prophet,/songs/We_thank_the_choir_SATB.pdf,SATB
Come Unto Jesus,/songs/come_unto_jesus_SATB.pdf,SATB
Jesus Once Was a Little Child,/songs/Jesus_once_was_SATB.pdf,SATB
I Need thee Every Hour,/songs/I_Need_Thee_every_Hour_SATB.pdf,SATB
Did You Think to Pray?,/songs/did_you_think_SATB.pdf,SATB
Did you think to pray?,/songs/Did_youthink_choir.pdf,SATB (Simplified)
Come&#44; Come Ye Saints,/songs/come_come_yesaints_choir.pdf,SATB
Mary&#39;s Joseph,/songs/marys_joseph_choir_satb.pdf,SATB
Love At Home SATB,/songs/love_at_home_satb.pdf,SATB
This is the Christmas Story,/songs/this_is_the_christmas_story_satb.pdf,SATB
Christmas Primary Medley &#35;2 ,/songs/Primary_christmas_medley_2sop_altoduet.pdf,SA
Christmas Primary Medley &#35;2,/songs/SATB_P_Christmas_2.pdf,SATB
Mary&#39;s Joseph,/songs/Mary%27s_joseph_SSA_1.pdf,SSA
Jesus Once Was a Little Child,/songs/Jesus_once_duet_SA.pdf,SA
I Know that My Redeemer Lives,/songs/I_know_my_redeember_lives_vocal_solo.pdf,Vocal Solo
Come Unto Jesus,/songs/come_unto_jesus_Vocal_Solo.pdf,Vocal Solo
Jesus Once Was a Little Child,/songs/Jesus_once_was_a_child_vocalsolo.pdf,Vocal Solo
When I am Baptized ,/songs/When_I_am_baptized_solo.pdf,Vocal Solo
Love At Home,/songs/love_at_home_vocal_solo.pdf,Vocal Solo
Little Hands,/songs/little_hands.pdf,High Solo
Choose the Right,/songs/choose_the_right_vocal_solo.pdf,Vocal Solo
When I see His Face,/songs/when_i_see_his_face.pdf,Vocal Solo
He will come Again,/songs/he_will_come_again_vocal_solo.pdf,Vocal Solo
Fear not&#44; Little Flock,/songs/fear_not_little_flock.pdf,Vocal Solo
Feed My Sheep,/songs/feed_my_sheep_vocal_solo.pdf,Vocal Solo
Expect a Miracle,/songs/expect_a_miracle_vocal_solo.pdf,Vocal Solo
I Feel his love,/songs/I_Feel_his-Love.pdf,Vocal Solo
This is the Christmas Story,/songs/this_is_the_christmas_story_vocal_solo.pdf,Vocal Solo
Mary&#39;s Joseph,/songs/Mary%27s_joseph_vocal_solo1.pdf,Vocal Solo
I Feel his love,/songs/I_Feel_his-Love.pdf,Vocal Solo
When I kneel to Pray,/songs/When_kneel_to_pray_easy.pdf,Simplified Hymns
When I kneel to Pray,/songs/When_kneel_to_pray.pdf,Vocal Solo
I Am A Child of God,/songs/I_am_a_child_of_god_VIOLIN.pdf,Violin Duet
When I am Baptized,/songs/When_I_am_baptized_solo.pdf,Primary Songs
Jesus Once Was a Little Child,/songs/Jesus_once_was_a_child_vocalsolo.pdf,Primary Songs
Choose the Right,/songs/choose_the_right_vocal_solo.pdf,Primary Songs
All Things Bright and Beautiful,/songs/All_things_bright_children_solo.pdf,Primary Songs
When Joseph went to Bethlehem,/songs/when_joseph_went.pdf,Primary Christmas
Primary Christmas Medley,/songs/primary_christmas_medley.pdf,Primary Christmas
Primary christmas Medley &#35;2,/songs/prim_medley_2.pdf,Primary Christmas
Little Hands,/songs/little_hands_alto_solo.pdf,Alto Solo
He will come again,/songs/he_will_come_again_alto_solo.pdf,Alto Solo
Love at home,/songs/Love_at_home-altosolo_0.pdf,Alto Solo
Primary Christmas Medley 2,/songs/Primary_christmas_medley_2_0.pdf,Alto Christmas
Mary&#39;s Joseph,/songs/Mary%27s_joseph_solo_alto1.pdf,Alto Christmas
Love At Home,/songs/love_at_home_simplified_version_piano_solo.pdf,Simplified Piano
Did You Think to Pray,/songs/did_you_think_to_pray_simplified.pdf,Simplified Hymns
We Thank Thee O God&#44; For a Prophet,/songs/we_thank_thee_o_god_for_a_prophet_simplified.pdf,Simplified Hymns
The Wise Man and the Foolish Man,/songs/wise_man_foolish_man.pdf,Simplified Hymns
Beauty Everywhere - Simplified Piano,/songs/beauty_everywhere_piano_solo.pdf,Simplified Piano
Baa Baa Black Sheep,/songs/baa_baa_black_sheep_simplified.pdf,Simplified Songs for Fun
